guest_id,main_guest_name,main_guest_gender,main_guest_dob,sec_guest_name,sec_guest_gender,sec_guest_dob,address,postcode
001,Bob,male,12/01/1982,Sussy,female,24/04/1983,AAABBB Street,AA_10
002,Andre,male,15/01/1985,,,,YYYZZZ Street,YY_10
003,Ali,male,20/04/1987,Shafina,female,25/12/1990,AAAAAA Street, AL_20
004,Elvi,male,16/03/1988,Chinchu,female,20/04/1988,CHNCCC Street,1001
005,Mathew,male,05/05/1983,Sunny,male,12/12/1984,MMMMMM Street,MM_10
006,Anil,male,12/06/1991,Jose,male,13/06/1990,ANCNAA Street,AN_10
007,Andre,male,15/01/1985,,,,YYYZZZ Street,YY_10
008,Bob,male,12/01/1982,Sussy,female,24/04/1983,AAABBB Street,AA_10
009,Binu,male,02/02/1980,Sara,female,03/02/1981,SARASSA Street,SA_10
010,Sumith,male,07/05/1982,Tina,female,03/11/1986,TITIAL Street,TI_10
011,Fina,female,07/12/1988,Tamina,female,06/12/1990,TARARA Street,TR_10
012,Richard,male,02/05/1980,Rachal,female,02/05/1980,RICH Street,RI_10
013,Anil,male,12/06/1991,Jose,male,13/06/1990,ANCNAA Street,AN_10
014,Sophia,female,12/07/1990,Sanil,male,10/06/1990,ANCNAA Street,AN_10
015,Geena,female,10/07/1991,Geo,male,01/06/1990,ANCNAA Street,AN_10
016,Ali,male,12/07/1992,Muhammad,male,10/01/1991,ANCNAA Street,AN_10
017,Sanil,male,10/06/1990,,,,ANCNAA Street,AN_10
018,Andre,male,15/01/1985,,,,YYYZZZ Street,YY_10
019,Diana,female,12/07/1985,Charlse,male,10/06/1984,ANCNAA Street,AN_10
020,Sussy,female,24/04/1983,,,,AAABBB Street,AA_10
021,Joseup,male,24/04/1980,,,,AAABBB Street,AA_10
022,Kaveri,female,10/01/1991,Kavitha,female,10/01/1991,ANCZZZ Street,AN_55
023,Sophia,female,12/07/1990,Sanil,male,10/06/1990,ANCNAA Street,AN_10
024,Sumith,male,07/05/1982,Tina,female,03/11/1986,TITIAL Street,TI_10
025,Stephen,male,16/03/1985,Maria,female,20/04/1984,CHNCCN Street,1002
026,Chinchu,female,20/04/1988,Elvi,male,16/03/1988,CHNCCC Street,1001
